{
    "1": {
        "id": 1,
        "cat_id": 1,
        "isPrivate": true,
        "title": "Новость 1",
        "text": "Хорошая новость"
    },
    "2": {
        "id": 2,
        "cat_id": 2,
        "isPrivate": true,
        "title": "Новость 2",
        "text": "А тут ещё лучше"
    },
    "3": {
        "id": 3,
        "cat_id": 2,
        "isPrivate": false,
        "title": "Новость 3",
        "text": "хамси хамса"
    },
    "4": {
        "id": 4,
        "cat_id": 1,
        "isPrivate": false,
        "title": "Новость 4",
        "text": "не рыба - не мясо"
    },
    "5": {
        "title": 2,
        "cat_id": 1,
        "text": null,
        "isPrivate": false,
        "id": 5
    },
    "6": {
        "title": 123,
        "cat_id": 2,
        "text": "ffff",
        "isPrivate": false,
        "id": 6
    },
    "7": {
        "title": "dfdsfsd",
        "cat_id": 1,
        "text": "dsfsdfsdf",
        "isPrivate": true,
        "id": 7
    },
    "8": {
        "title": 1,
        "cat_id": 3,
        "text": 12123,
        "isPrivate": false,
        "id": 8
    },
    "9": {
        "title": null,
        "text": "fgfgfgfdg",
        "isPrivate": false,
        "category": "1",
        "image": null,
        "id": 9
    },
    "10": {
        "title": "345",
        "text": "1234",
        "isPrivate": false,
        "category": "4",
        "image": null,
        "id": 10
    },
    "11": {
        "title": "1",
        "text": "1",
        "isPrivate": false,
        "category": "1",
        "image": null,
        "id": 11
    },
    "12": {
        "title": null,
        "text": null,
        "isPrivate": false,
        "category": "1",
        "image": "\/storage\/images\/3Uw5XG1xUQffeb7BxhgkkUtq981ecisPU1USf2jd.jpeg",
        "id": 12
    },
    "13": {
        "title": "3",
        "text": "123",
        "isPrivate": false,
        "category": "3",
        "image": "\/storage\/images\/wJjeQSoTDuZLGq6RSDuA0zs6wGnCiySaZYtIglAk.jpeg",
        "id": 13
    },
    "14": {
        "title": "3",
        "id_category": "1",
        "text": "2",
        "isPrivate": false,
        "image": "\/storage\/images\/xZtkH8Uw1NItkP85FqrL63fAuAvzlHWKmafDNYsP.jpeg",
        "id": 14
    },
    "15": {
        "title": "3",
        "id_category": "1",
        "text": "3",
        "isPrivate": false,
        "image": null
    }
}